app_id,name,release_date,is_free,price,positive,negative,owners_low,owners_high
10,Counter-Strike,"Nov 1, 2000",0,9.99,243818.0,6427,,
100,Counter-Strike: Condition Zero,"Mar 1, 2004",0,9.99,13442.0,1535,,
10090,Call of Duty: World at War,"Nov 18, 2008",0,19.99,46665.0,3884,,
1016920,Unrailed!,"Sep 23, 2020",0,19.99,17426.0,1243,,
1017180,The Long Drive,"Sep 25, 2019",0,15.99,42761.0,4666,,
10180,Call of Duty®: Modern Warfare® 2 (2009),"Nov 11, 2009",0,19.99,54145.0,3973,,
10190,Call of Duty®: Modern Warfare® 2 (2009),"Nov 11, 2009",0,19.99,31945.0,2927,,
102500,Kingdoms of Amalur: Reckoning™,,0,,11366.0,1553,,
102600,Orcs Must Die!,"Oct 11, 2011",0,2.49,7856.0,333,,
1029690,Sniper Elite 5,"May 25, 2022",0,49.99,18453.0,3750,,
1030830,Mafia II: Definitive Edition,"May 19, 2020",0,29.99,21955.0,8309,,
1030840,Mafia: Definitive Edition,"Sep 24, 2020",0,39.99,79686.0,12107,,
1044720,Farthest Frontier,"Aug 9, 2022",0,29.99,16780.0,2724,,
1046930,Dota Underlords,"Jun 20, 2019",1,,74753.0,16141,,
1049410,Superliminal,"Nov 5, 2020",0,19.99,28522.0,1629,,
1049590,Eternal Return,"Jul 19, 2023",1,,51694.0,13352,,
10500,Total War: EMPIRE – Definitive Edition,"Mar 4, 2009",0,24.99,32211.0,3269,,
105450,Age of Empires® III (2007),"Jan 5, 2012",0,,29126.0,2913,,
105600,Terraria,"May 16, 2011",0,9.99,1373979.0,35494,,
1056640,Phantasy Star Online 2 New Genesis,"Aug 5, 2020",1,,16848.0,7196,,
1056960,Wolfenstein: Youngblood,"Jul 25, 2019",0,19.99,6360.0,8083,,
1057090,Ori and the Will of the Wisps,"Mar 10, 2020",0,29.99,131989.0,4701,,
1057240,Crucible Beta,"May 20, 2020",0,,4624.0,6120,,
1058020,"STAR WARS™ Battlefront (Classic, 2004)","May 1, 2019",0,9.99,4186.0,153,,
1061910,Metal: Hellsinger,"Sep 15, 2022",0,29.99,15140.0,626,,
1063730,New World: Aeternum,"Sep 28, 2021",0,59.99,196798.0,90080,,
10680,Aliens vs. Predator™,"Feb 16, 2010",0,14.99,18175.0,1778,,
107100,Bastion,"Aug 16, 2011",0,14.99,35661.0,1731,,
107410,Arma 3,"Sep 12, 2013",0,2.99,256128.0,27136,,
1085660,Destiny 2,"Oct 1, 2019",1,,497891.0,127725,,
108600,Project Zomboid,"Nov 8, 2013",0,19.99,355171.0,21892,,
1086940,Baldur's Gate 3,"Aug 3, 2023",0,59.99,736688.0,23974,,
108710,Alan Wake,"Feb 16, 2012",0,14.99,44449.0,4714,,
108800,Crysis 2 - Maximum Edition,"Mar 22, 2011",0,29.99,11621.0,2008,,
1089090,ONE PIECE: PIRATE WARRIORS 4,"Mar 26, 2020",0,39.99,18314.0,1666,,
1089350,NBA 2K20,"Sep 6, 2019",0,,30260.0,30413,,
1089980,The Henry Stickmin Collection,"Aug 7, 2020",0,14.99,50017.0,681,,
1091500,Cyberpunk 2077,"Dec 9, 2020",0,59.99,713071.0,131850,,
1092790,Inscryption,"Oct 19, 2021",0,19.99,127792.0,4098,,
1094520,Sands of Salzaar,"Dec 15, 2021",0,5.99,18556.0,4085,,
109600,Neverwinter,"Dec 5, 2013",1,,29947.0,8638,,
1097150,Fall Guys,"Aug 3, 2020",0,,385154.0,88589,,
1100600,Football Manager 2020,"Nov 19, 2019",0,,28341.0,3401,,
11020,TrackMania Nations Forever,"Apr 16, 2008",1,,21244.0,2359,,
110800,L.A. Noire,"Nov 8, 2011",0,19.99,29214.0,4812,,
1113000,Persona 4 Golden,"Jun 13, 2020",0,19.99,76008.0,2338,,
1116170,CyberCorp,"Apr 22, 2025",0,14.99,266.0,56,,
1118200,People Playground,"Jul 23, 2019",0,9.99,277746.0,4017,,
1128810,RISK: Global Domination,"Feb 19, 2020",1,,31060.0,7783,,
1129580,Medieval Dynasty,"Sep 23, 2021",0,34.99,40992.0,4174,,
113020,Monaco: What's Yours Is Mine,"Apr 24, 2013",0,14.99,7728.0,800,,
113200,The Binding of Isaac,"Sep 28, 2011",0,4.99,57299.0,3080,,
113400,APB Reloaded,"Dec 6, 2011",1,,23693.0,13599,,
113420,Fallen Earth Classic,"Feb 22, 2012",1,,4484.0,3047,,
1139900,Ghostrunner,"Oct 27, 2020",0,29.99,57713.0,5436,,
1142710,Total War: WARHAMMER III,"Feb 16, 2022",0,59.99,87141.0,32717,,
1144200,Ready or Not,"Dec 13, 2023",0,49.99,210654.0,25542,,
1145350,Hades II,"May 6, 2024",0,29.99,60844.0,3288,,
1145360,Hades,"Sep 17, 2020",0,24.99,274829.0,4912,,
1147550,Not For Broadcast,"Jan 25, 2022",0,24.99,10897.0,687,,
1147560,Skul: The Hero Slayer,"Jan 20, 2021",0,19.99,51218.0,3683,,
1150690,OMORI,"Dec 25, 2020",0,19.99,78023.0,2214,,
1151340,Fallout 76,"Apr 14, 2020",0,39.99,89334.0,33215,,
1151640,Horizon Zero Dawn™ Complete Edition,"Aug 7, 2020",0,,110049.0,15148,,
115300,Call of Duty®: Modern Warfare® 3 (2011),"Nov 8, 2011",0,39.99,33647.0,4306,,
1158310,Crusader Kings III,"Sep 1, 2020",0,49.99,114259.0,12650,,
1167630,Teardown,"Apr 21, 2022",0,29.99,104653.0,4809,,
1172380,STAR WARS Jedi: Fallen Order™,"Nov 14, 2019",0,9.99,140485.0,18094,,
1172470,Apex Legends™,"Nov 4, 2020",1,,668053.0,326926,,
1172620,Sea of Thieves: 2025 Edition,"Jun 3, 2020",0,39.99,317074.0,38164,,
1174180,Red Dead Redemption 2,"Dec 5, 2019",0,59.99,676667.0,56875,,
1178830,Bright Memory: Infinite,"Nov 11, 2021",0,9.99,35622.0,3089,,
1184370,Pathfinder: Wrath of the Righteous - Enhanced Edition,"Sep 2, 2021",0,17.49,32303.0,6193,,
1190000,Car Mechanic Simulator 2021,"Aug 11, 2021",0,6.49,28630.0,1211,,
1196590,Resident Evil Village,"May 6, 2021",0,39.99,114131.0,5219,,
1203220,NARAKA: BLADEPOINT,"Aug 11, 2021",1,,225960.0,98967,,
1203620,Enshrouded,"Jan 24, 2024",0,29.99,67486.0,10594,,
12100,Grand Theft Auto III,"Jan 4, 2008",0,,12654.0,1946,,
12110,Grand Theft Auto: Vice City,"Jan 4, 2008",0,,27142.0,2134,,
1211020,Wobbly Life,"Jul 8, 2020",0,24.99,26141.0,799,,
12120,Grand Theft Auto: San Andreas,"Jan 4, 2008",0,,76056.0,6573,,
1213210,Command & Conquer™ Remastered Collection,"Jun 5, 2020",0,4.99,29891.0,3069,,
1217060,Gunfire Reborn,"Nov 17, 2021",0,12.99,92655.0,6517,,
12200,Bully: Scholarship Edition,"Oct 21, 2008",0,5.24,30730.0,5604,,
12210,Grand Theft Auto IV: The Complete Edition,"Mar 24, 2020",0,19.99,144493.0,30691,,
12220,Grand Theft Auto: Episodes from Liberty City,"Apr 12, 2010",0,,7524.0,2647,,
1222140,Detroit: Become Human,"Jun 18, 2020",0,39.99,162047.0,7152,,
1222670,The Sims™ 4,"Jun 18, 2020",1,,149064.0,21663,,
1222680,Need for Speed™ Heat,"Jun 4, 2020",0,5.59,111482.0,21373,,
1222700,A Way Out,"Jun 18, 2020",0,5.99,72313.0,10149,,
1225330,NBA 2K21,"Sep 4, 2020",0,,16233.0,22823,,
1229490,ULTRAKILL,"Sep 3, 2020",0,24.99,165867.0,3884,,
1237950,STAR WARS™ Battlefront™ II,"Jun 11, 2020",0,7.99,62342.0,8866,,
1237970,Titanfall® 2,"Jun 18, 2020",0,4.49,244524.0,11664,,
1238810,Battlefield™ V,"Oct 22, 2020",0,49.99,177352.0,72936,,
1238820,Battlefield 3™,"Jun 11, 2020",0,39.99,10748.0,4612,,
1238840,Battlefield™ 1,"Jun 11, 2020",0,39.99,166775.0,26046,,
1238860,Battlefield 4™,"Jun 11, 2020",0,39.99,60650.0,10498,,
1240440,Halo Infinite,"Nov 15, 2021",1,,123333.0,53708,,
1241100,POLYGON,"Mar 6, 2020",1,,26313.0,8756,,
1245620,ELDEN RING,"Feb 24, 2022",0,59.99,981540.0,75137,,
1248130,Farming Simulator 22,"Nov 21, 2021",0,29.99,78110.0,6402,,
1250410,Microsoft Flight Simulator (2020) 40th Anniversary Edition,"Aug 17, 2020",0,59.99,51794.0,13872,,
1254120,Bless Unleashed,"Aug 6, 2021",1,,16259.0,14611,,
1259420,Days Gone,"May 17, 2021",0,39.99,95697.0,7446,,
1260320,Party Animals,"Sep 20, 2023",0,19.99,50198.0,13834,,
1262350,SIGNALIS,"Oct 27, 2022",0,19.99,25320.0,837,,
1262580,Need for Speed™ Payback,"Jun 18, 2020",0,7.79,24868.0,4186,,
1263850,Football Manager 2021,"Nov 24, 2020",0,,22342.0,1558,,
1266680,Strobophagia | Rave Horror,"Oct 28, 2020",0,19.99,75.0,16,,
1272080,PAYDAY 3,"Sep 21, 2023",0,29.99,25497.0,33195,,
1274570,DEVOUR,"Jan 28, 2021",0,7.49,75057.0,7457,,
1277400,Monster Hunter Stories 2: Wings of Ruin,"Jul 8, 2021",0,19.99,13186.0,2801,,
1282100,REMNANT II®,"Jul 25, 2023",0,49.99,50249.0,10114,,
1282730,Loop Hero,"Mar 4, 2021",0,14.99,32214.0,2445,,
1284190,The Planet Crafter,"Apr 10, 2024",0,23.99,52168.0,2148,,
1284210,Guild Wars 2,"Aug 23, 2022",1,,19151.0,2392,,
1284410,GWENT: The Witcher Card Game,"May 19, 2020",1,,24044.0,5320,,
1286680,Tiny Tina's Wonderlands,"Jun 23, 2022",0,11.99,15933.0,6053,,
1286830,STAR WARS™: The Old Republic™,"Jul 21, 2020",1,,60864.0,7088,,
1289310,Helltaker,"May 11, 2020",1,,122115.0,2803,,
1290000,PowerWash Simulator,"Jul 14, 2022",0,24.99,50767.0,1643,,
1293830,Forza Horizon 4,"Mar 9, 2021",0,,263942.0,26975,,
1296830,暖雪 Warm Snow,"Jan 18, 2022",0,12.59,34444.0,2563,,
130,Half-Life: Blue Shift,"Jun 1, 2001",0,4.99,17384.0,1410,,
1304930,The Outlast Trials,"Mar 5, 2024",0,11.99,62533.0,4423,,
1307550,Craftopia,"Sep 4, 2020",0,14.99,15406.0,4977,,
1313140,Cult of the Lamb,"Aug 11, 2022",0,24.99,98711.0,4517,,
1313860,EA SPORTS™ FIFA 21,"Oct 8, 2020",0,,42906.0,13377,,
1326470,Sons Of The Forest,"Feb 22, 2024",0,29.99,222495.0,31051,,
1328670,Mass Effect™ Legendary Edition,"May 14, 2021",0,5.99,51295.0,5033,,
1332010,Stray,"Jul 19, 2022",0,29.99,152312.0,4295,,
1343370,Old School RuneScape,"Feb 24, 2021",1,,15244.0,3091,,
1343400,RuneScape ®,"Oct 14, 2020",1,,20941.0,4397,,
13520,Far Cry®,"Apr 1, 2008",0,2.99,8406.0,1853,,
1361210,"Warhammer 40,000: Darktide","Nov 30, 2022",0,39.99,80268.0,32692,,
1363080,Manor Lords,"Apr 26, 2024",0,39.99,62224.0,9896,,
1364780,Street Fighter™ 6,"Jun 1, 2023",0,39.99,48252.0,8414,,
1366540,Dyson Sphere Program,"Jan 20, 2021",0,19.99,83095.0,1993,,
1366800,Crosshair X,"Aug 17, 2020",0,4.99,29275.0,2077,,
1371980,No Rest for the Wicked,"Apr 18, 2024",0,39.99,39563.0,10970,,
1372880,The Day Before,"Dec 7, 2023",0,,3686.0,19751,,
1380400,Saving Grace,"Jan 2, 2021",0,1.99,27.0,2,,
1384160,GUILTY GEAR -STRIVE-,"Jun 11, 2021",0,39.99,52377.0,7005,,
1388770,Cruelty Squad,"Jun 15, 2021",0,19.99,20136.0,655,,
1399780,Spellbreak,"Dec 15, 2020",0,,12119.0,1887,,
1404210,Red Dead Online,"Dec 1, 2020",0,9.99,55526.0,11255,,
1408720,Krunker,"Feb 1, 2021",0,,21147.0,5599,,
1426210,It Takes Two,"Mar 25, 2021",0,9.99,208042.0,10341,,
1446780,MONSTER HUNTER RISE,"Jan 12, 2022",0,39.99,92564.0,20108,,
1454400,Cookie Clicker,"Sep 1, 2021",0,4.99,77218.0,2674,,
1466860,Age of Empires IV: Anniversary Edition,"Oct 28, 2021",0,39.99,69559.0,11311,,
1468810,鬼谷八荒 Tale of Immortal,"May 26, 2023",0,19.99,121020.0,106084,,
1475810,Ghostwire: Tokyo,"Mar 24, 2022",0,59.99,15393.0,3269,,
1476970,IdleOn - The Idle RPG,"Apr 2, 2021",1,,17310.0,4406,,
1483870,Draw & Guess,"Mar 12, 2021",0,2.99,28294.0,5381,,
1491000,War Robots: Frontiers,"Mar 4, 2025",1,,1977.0,1105,,
1506830,FIFA 22,"Oct 1, 2021",0,,97293.0,23578,,
15100,Assassin's Creed™: Director's Cut Edition,"Apr 9, 2008",0,19.99,17822.0,4075,,
1515210,The Past Within,"Nov 2, 2022",0,5.99,14362.0,794,,
1515950,Capcom Arcade Stadium,"May 24, 2021",1,59.99,2397.0,2010,,
1517290,Battlefield™ 2042,"Nov 19, 2021",0,59.99,139186.0,158588,,
1520470,Soul Dossier,"Mar 29, 2021",1,,21945.0,4737,,
1522820,Orcs Must Die! 3,"Jul 23, 2021",0,5.99,12067.0,2016,,
1533390,Gorilla Tag,"Jan 1, 2023",0,19.99,64966.0,6197,,
1536610,OpenTTD,"Apr 1, 2021",1,,13845.0,549,,
1551360,Forza Horizon 5,"Nov 8, 2021",0,59.99,199950.0,25679,,
1557740,ROUNDS,"Apr 1, 2021",0,2.99,34893.0,1765,,
15620,"Warhammer 40,000: Dawn of War II - Anniversary Edition","Feb 18, 2009",0,49.99,11298.0,1476,,
1562430,DREDGE,"Mar 30, 2023",0,24.99,42127.0,1839,,
1569040,Football Manager 2022,"Nov 9, 2021",0,,19861.0,1599,,
1593500,God of War,"Jan 14, 2022",0,49.99,151706.0,6311,,
1599340,Lost Ark,"Feb 11, 2022",1,,143481.0,58540,,
1599600,PlateUp!,"Aug 4, 2022",0,19.99,22204.0,1197,,
1604030,V Rising,"May 8, 2024",0,34.99,106197.0,13243,,
1611910,"Warhammer 40,000: Chaos Gate - Daemonhunters","May 5, 2022",0,44.99,10162.0,2945,,
1619450,Heart of a Warrior,"Feb 1, 2022",0,10.99,,1,,
1621690,Core Keeper,"Aug 27, 2024",0,19.99,51042.0,3937,,
1623730,Palworld,"Jan 18, 2024",0,22.49,358266.0,22443,,
1627140,Sabre Team,"Jun 4, 2021",0,6.99,2.0,2,,
1637320,Dome Keeper,"Sep 27, 2022",0,7.19,14952.0,1260,,
1643320,S.T.A.L.K.E.R. 2: Heart of Chornobyl,"Nov 20, 2024",0,59.99,91274.0,22072,,
1659040,HITMAN World of Assassination,"Jan 20, 2022",0,5.99,39449.0,6333,,
1665460,eFootball™,"Sep 29, 2021",1,,44067.0,48266,,
1676130,Deadlink,"Jul 27, 2023",0,24.99,3050.0,349,,
1677740,Stumble Guys,"Oct 7, 2021",1,,108841.0,19170,,
1687950,Persona 5 Royal,"Oct 20, 2022",0,59.99,99657.0,3487,,
17080,Tribes: Ascend,"Jun 27, 2012",1,,6946.0,1639,,
1716740,Starfield,"Sep 5, 2023",0,69.99,93942.0,71585,,
1721470,Poppy Playtime,"Oct 12, 2021",1,,84113.0,14801,,
17300,Crysis,"Sep 17, 2008",0,29.99,10565.0,2649,,
17330,Crysis Warhead®,"Sep 17, 2008",0,19.99,3280.0,544,,
17390,SPORE™,"Dec 19, 2008",0,4.99,61124.0,4996,,
17410,Mirror's Edge™,"Jan 14, 2009",0,19.99,32983.0,4669,,
17460,Mass Effect (2007),"Dec 19, 2008",0,29.99,15394.0,1040,,
17470,Dead Space (2008),"Jan 9, 2009",0,19.99,25388.0,2272,,
17480,Command & Conquer™ Red Alert™ 3,"Jan 8, 2009",0,,12792.0,2220,,
1755910,Capcom Arcade 2nd Stadium,"Jul 21, 2022",1,59.99,665.0,312,,
1771300,Kingdom Come: Deliverance II,"Feb 4, 2025",0,59.99,96279.0,6058,,
1774580,STAR WARS Jedi: Survivor™,"Apr 27, 2023",0,13.99,46131.0,20923,,
1778820,TEKKEN 8,"Jan 25, 2024",0,59.99,33020.0,28048,,
1782210,Crab Game,"Oct 29, 2021",1,,139538.0,12895,,
1790600,DRAGON BALL: Sparking! ZERO,"Oct 10, 2024",0,69.99,58221.0,6959,,
1794680,Vampire Survivors,"Oct 20, 2022",0,4.99,246479.0,3855,,
1811260,EA SPORTS™ FIFA 23,"Sep 30, 2022",0,,86192.0,65227,,
1817070,Marvel’s Spider-Man Remastered,"Aug 12, 2022",0,59.99,107786.0,4606,,
1818750,MultiVersus,"Jul 19, 2022",0,,90318.0,27894,,
1824220,Chivalry 2,"Jun 12, 2022",0,39.99,37673.0,9288,,
1832640,Mirror 2: Project X,"Jan 20, 2022",0,0.79,28726.0,87986,,
1840,Source Filmmaker,"Jul 10, 2012",1,,37791.0,2868,,
1845910,Dragon Age™: The Veilguard,"Oct 31, 2024",0,26.99,28118.0,12361,,
1850570,DEATH STRANDING DIRECTOR'S CUT,"Mar 30, 2022",0,39.99,36697.0,2819,,
1868140,DAVE THE DIVER,"Jun 28, 2023",0,19.99,125422.0,3909,,
1888160,ARMORED CORE™ VI FIRES OF RUBICON™,"Aug 24, 2023",0,59.99,70425.0,6617,,
1903340,Clair Obscur: Expedition 33,"Apr 24, 2025",0,49.99,106216.0,4816,,
1904540,Football Manager 2023,"Nov 8, 2022",0,,17645.0,2012,,
1929610,Demonologist,"Sep 25, 2023",0,19.99,18742.0,3006,,
1938090,Call of Duty®,"Oct 27, 2022",0,,419594.0,294520,,
1942280,Brotato,"Jun 23, 2023",0,4.99,94525.0,3276,,
1943950,Escape the Backrooms,"Aug 11, 2022",0,7.99,93330.0,9199,,
1966720,Lethal Company,"Oct 23, 2023",0,9.99,473422.0,13738,,
1987080,Inside the Backrooms,"Jun 20, 2022",0,6.99,36836.0,8196,,
19900,Far Cry® 2,"Oct 22, 2008",0,2.49,12895.0,3942,,
2001120,Split Fiction,"Mar 6, 2025",0,44.99,79546.0,2012,,
200260,Batman: Arkham City - Game of the Year Edition,"Sep 7, 2012",0,19.99,65947.0,2689,,
200510,XCOM: Enemy Unknown,"Oct 8, 2012",0,29.99,52717.0,3697,,
200710,Torchlight II,"Sep 20, 2012",0,19.99,41131.0,3210,,
2012510,Stormgate,"Aug 5, 2025",1,,3728.0,3755,,
201270,Total War: SHOGUN 2,"Mar 15, 2011",0,29.99,58839.0,5437,,
201790,Orcs Must Die! 2,"Jul 30, 2012",0,2.99,17917.0,1371,,
201810,Wolfenstein: The New Order,"May 19, 2014",0,19.99,51691.0,4778,,
202170,Sleeping Dogs,,0,,16134.0,950,,
2021910,FPS Chess,"Jul 16, 2022",1,,31223.0,5909,,
202750,Alan Wake's American Nightmare,"May 22, 2012",0,8.99,6527.0,2433,,
202970,Call of Duty®: Black Ops II,"Nov 12, 2012",0,59.99,40563.0,6454,,
202990,Call of Duty®: Black Ops II,"Nov 12, 2012",0,59.99,27100.0,4790,,
203140,Hitman: Absolution™,"Nov 19, 2012",0,19.99,51769.0,3932,,
203160,Tomb Raider,"Mar 4, 2013",0,2.24,238239.0,9691,,
203290,America's Army: Proving Grounds,"Aug 29, 2013",1,,8637.0,2315,,
203770,Crusader Kings II,"Feb 14, 2012",1,,66359.0,7450,,
204100,Max Payne 3,"May 31, 2012",0,19.99,49420.0,7656,,
204300,Awesomenauts,"Aug 1, 2012",0,19.99,22618.0,4113,,
204340,Serious Sam 2,"Jan 31, 2012",0,9.99,11356.0,1312,,
204360,Castle Crashers®,"Sep 26, 2012",0,14.99,120733.0,4865,,
204450,Call of Juarez: Gunslinger,"May 22, 2013",0,2.99,38679.0,2027,,
204880,Sins of a Solar Empire®: Rebellion,"Jun 12, 2012",0,19.99,14919.0,1096,,
2050650,Resident Evil 4,"Mar 23, 2023",0,39.99,177539.0,4169,,
205100,Dishonored,"Oct 8, 2012",0,9.99,80427.0,1943,,
2054970,Dragon's Dogma 2,"Mar 21, 2024",0,69.99,65154.0,41785,,
20570,"Warhammer® 40,000: Dawn of War® II Chaos Rising","Mar 11, 2010",0,,3047.0,304,,
206420,Saints Row IV: Re-Elected,"Aug 19, 2013",0,19.99,67768.0,9376,,
206440,To the Moon,"Sep 7, 2012",0,2.49,77246.0,3015,,
2064650,Tower of Fantasy,"Oct 19, 2022",1,,7595.0,3375,,
206480,Dungeons & Dragons Online®,"Jun 25, 2012",1,,5140.0,2090,,
206500,AirMech,"Mar 30, 2018",1,,8984.0,1695,,
207140,SpeedRunners,"Apr 19, 2016",0,14.99,34525.0,2215,,
207230,ArcheBlade™,"Apr 25, 2014",1,,5594.0,2053,,
207610,The Walking Dead,"Apr 24, 2012",0,14.99,71633.0,1995,,
208090,Loadout,"Jan 31, 2014",0,,34218.0,5094,,
208140,ENDLESS™ Space - Definitive Edition,"Jul 4, 2012",0,9.99,7540.0,1824,,
208580,STAR WARS™ Knights of the Old Republic™ II - The Sith Lords™,"Aug 23, 2012",0,9.99,22754.0,1556,,
208650,Batman™: Arkham Knight,"Jun 23, 2015",0,19.99,124147.0,15901,,
20900,The Witcher: Enhanced Edition Director's Cut,"Sep 19, 2008",0,9.99,73569.0,9135,,
209000,Batman™: Arkham Origins,"Oct 24, 2013",0,19.99,51192.0,6071,,
209080,Guns of Icarus Online,"Oct 29, 2012",0,4.99,13172.0,1473,,
209160,Call of Duty®: Ghosts,"Mar 25, 2014",0,59.99,19917.0,10996,,
209170,Call of Duty®: Ghosts,"Mar 25, 2014",0,59.99,15087.0,10789,,
20920,The Witcher 2: Assassins of Kings Enhanced Edition,"Apr 16, 2012",0,19.99,77950.0,9114,,
2096610,Crysis 3 Remastered,"Nov 17, 2022",0,29.99,5108.0,685,,
2100,Dark Messiah of Might & Magic,"Oct 25, 2006",0,2.49,9813.0,951,,
210770,Sanctum 2,"May 15, 2013",0,14.99,12856.0,1435,,
211500,RaceRoom Racing Experience,"Feb 12, 2013",1,,17812.0,5806,,
211820,Starbound,"Jul 22, 2016",0,14.99,152150.0,12756,,
212070,Star Conflict,"Feb 27, 2013",1,,10879.0,3974,,
212160,Vindictus,"Jun 22, 2012",1,,5300.0,2563,,
212500,The Lord of the Rings Online™,"Jun 6, 2012",1,,17099.0,3896,,
212680,FTL: Faster Than Light,"Sep 14, 2012",0,9.99,71561.0,3491,,
213670,South Park™: The Stick of Truth™,"Mar 3, 2014",0,5.99,66636.0,1669,,
214420,Gear Up,"Jan 28, 2015",1,,6243.0,2119,,
214490,Alien: Isolation,"Oct 6, 2014",0,39.99,56716.0,4115,,
214560,Mark of the Ninja,,0,,15360.0,476,,
214950,Total War: ROME II - Emperor Edition,"Sep 2, 2013",0,59.99,73559.0,14614,,
215080,WAKFU,"Sep 18, 2014",1,,7744.0,2492,,
215280,Secret World Legends,"Jul 31, 2017",1,,6104.0,2956,,
216150,MapleStory,"Aug 9, 2012",1,,8882.0,5305,,
21690,Resident Evil 5,"Sep 15, 2009",0,19.99,42807.0,6310,,
218230,PlanetSide 2,"Nov 20, 2012",1,,59598.0,14096,,
2183900,"Warhammer 40,000: Space Marine 2","Sep 9, 2024",0,59.99,134739.0,27846,,
218620,PAYDAY 2,"Aug 13, 2013",0,9.99,594327.0,68755,,
2186680,"Warhammer 40,000: Rogue Trader","Dec 7, 2023",0,49.99,26360.0,4445,,
219150,Hotline Miami,"Oct 23, 2012",0,9.99,103599.0,3058,,
2195250,EA SPORTS FC™ 24,"Sep 28, 2023",0,,63281.0,46293,,
219640,Chivalry: Medieval Warfare,"Oct 16, 2012",0,24.99,54016.0,11428,,
219740,Don't Starve,"Apr 23, 2013",0,9.99,106118.0,3698,,
219990,Grim Dawn,"Feb 25, 2016",0,24.99,93489.0,6241,,
220,Half-Life 2,"Nov 16, 2004",0,9.99,239721.0,5906,,
220200,Kerbal Space Program,"Apr 27, 2015",0,39.99,121084.0,6078,,
220240,Far Cry 3,"Dec 4, 2012",0,3.99,101914.0,12105,,
220440,DmC: Devil May Cry,"Jan 24, 2013",0,29.99,27949.0,2035,,
221040,Resident Evil 6,"Mar 21, 2013",0,19.99,42993.0,11727,,
221100,DayZ,"Dec 13, 2018",0,24.99,330349.0,99903,,
221380,Age of Empires II (Retired),"Apr 9, 2013",0,19.99,97083.0,4268,,
2215430,Ghost of Tsushima DIRECTOR'S CUT,"May 16, 2024",0,59.99,61086.0,4029,,
221910,The Stanley Parable,"Oct 17, 2013",0,14.99,41582.0,3400,,
222880,Insurgency,"Jan 22, 2014",0,14.99,114570.0,10301,,
2231450,Pizza Tower,"Jan 26, 2023",0,19.99,65599.0,1094,,
22320,The Elder Scrolls III: Morrowind® Game of the Year Edition,"Jun 16, 2009",0,14.99,25172.0,1212,,
22330,The Elder Scrolls IV: Oblivion® Game of the Year Edition (2009),"Jun 16, 2009",0,14.99,48307.0,2354,,
223470,POSTAL 2,"Nov 2, 2012",0,9.99,112414.0,3644,,
22370,Fallout 3: Game of the Year Edition,"Dec 17, 2009",0,19.99,41078.0,9515,,
223710,Cry of Fear,"Apr 25, 2013",1,,65852.0,8556,,
223750,DCS World Steam Edition,"Aug 2, 2013",1,,31661.0,5528,,
22380,Fallout: New Vegas,"Oct 19, 2010",0,9.99,218763.0,8937,,
224260,No More Room in Hell,"Oct 31, 2013",1,,66753.0,7500,,
224540,Ace of Spades: Battle Builder,,0,,11922.0,6346,,
224600,Defiance,"Jun 4, 2014",0,,9676.0,2964,,
2246340,Monster Hunter Wilds,"Feb 27, 2025",0,69.99,127273.0,91142,,
224760,FEZ,"May 1, 2013",0,9.99,14425.0,1137,,
225080,Brothers - A Tale of Two Sons,"Sep 3, 2013",0,14.99,38721.0,2274,,
225260,Brutal Legend,"Feb 26, 2013",0,14.99,17657.0,1314,,
225540,Just Cause™ 3,"Nov 30, 2015",0,19.99,102532.0,19629,,
226840,Age of Wonders III,"Mar 31, 2014",0,29.99,10093.0,2485,,
227300,Euro Truck Simulator 2,"Oct 12, 2012",0,19.99,844480.0,22924,,
227940,Heroes & Generals,"Oct 18, 2016",0,,96499.0,46264,,
2280,DOOM + DOOM II,"Aug 3, 2007",0,9.99,24105.0,879,,
228200,Company of Heroes,"Sep 11, 2006",0,19.99,16025.0,946,,
228280,Baldur's Gate: Enhanced Edition,"Jan 16, 2013",0,19.99,15123.0,1275,,
228380,Wreckfest,"Jun 14, 2018",0,29.99,34031.0,4586,,
230410,Warframe,"Mar 25, 2013",1,,545393.0,81110,,
2310,Quake,"Aug 3, 2007",0,9.99,13926.0,474,,
231060,Ragnarok Online 2,"May 1, 2013",1,,1848.0,1336,,
231430,Company of Heroes 2,"Jun 25, 2013",0,19.99,86713.0,23112,,
232050,Eador. Masters of the Broken World,"Apr 19, 2013",0,19.99,1871.0,872,,
232090,Killing Floor 2,"Nov 18, 2016",0,29.99,111325.0,15541,,
2322010,God of War Ragnarök,"Sep 19, 2024",0,59.99,27127.0,4261,,
2322560,Love Is All Around,"Oct 17, 2023",0,9.99,42490.0,2924,,
232770,POSTAL,"Nov 14, 1997",1,,10023.0,1000,,
232890,Stronghold Crusader 2,"Sep 22, 2014",0,3.99,12328.0,4754,,
23310,The Last Remnant™,"Apr 9, 2009",0,,3308.0,762,,
233130,Shadow Warrior,"Sep 26, 2013",0,29.99,24071.0,2080,,
233450,Prison Architect,"Oct 6, 2015",0,29.99,64439.0,7891,,
233720,Surgeon Simulator,"Apr 19, 2013",0,9.99,13566.0,2927,,
233860,Kenshi,"Dec 6, 2018",0,29.99,93712.0,4423,,
234140,Mad Max,"Sep 1, 2015",0,19.99,76230.0,6430,,
2344520,Diablo® IV,"Oct 17, 2023",0,49.99,32969.0,17333,,
234650,Shadowrun Returns,"Jul 25, 2013",0,14.99,11833.0,1549,,
235460,METAL GEAR RISING: REVENGEANCE,"Jan 9, 2014",0,29.99,79993.0,3300,,
235600,Tom Clancy’s Splinter Cell Blacklist,"Aug 20, 2013",0,19.99,15918.0,3989,,
2358720,Black Myth: Wukong,"Aug 19, 2024",0,59.99,1111720.0,38378,,
236110,Dungeon Defenders II,"Jun 20, 2017",1,,16882.0,4941,,
236390,War Thunder,"Aug 15, 2013",1,,484469.0,272617,,
236850,Europa Universalis IV,"Aug 13, 2013",0,49.99,116432.0,18004,,
236870,HITMAN™,"Mar 11, 2016",0,,30973.0,6227,,
237110,Mortal Kombat Komplete Edition,,0,,16939.0,1574,,
237930,Transistor,"May 20, 2014",0,19.99,28786.0,1806,,
2379780,Balatro,"Feb 20, 2024",0,14.99,150524.0,3042,,
238010,Deus Ex: Human Revolution - Director's Cut,"Oct 25, 2013",0,2.99,25909.0,2216,,
238090,Sniper Elite 3,"Jun 27, 2014",0,29.99,22323.0,4794,,
238320,Outlast,"Sep 4, 2013",0,14.99,121220.0,4458,,
238370,Magicka 2,"May 26, 2015",0,14.99,11061.0,2330,,
238460,BattleBlock Theater®,"May 15, 2014",0,14.99,69617.0,1997,,
238960,Path of Exile,"Oct 23, 2013",1,,209822.0,25269,,
239030,"Papers, Please","Aug 8, 2013",0,9.99,72168.0,2019,,
239140,Dying Light,"Jan 26, 2015",0,24.99,435687.0,21945,,
239160,Thief,"Feb 27, 2014",0,2.99,17337.0,5926,,
239350,Spelunky,"Aug 8, 2013",0,14.99,15005.0,1288,,
239820,Game Dev Tycoon,"Aug 29, 2013",0,3.49,34126.0,1657,,
2399830,ARK: Survival Ascended,"Oct 25, 2023",0,44.99,44880.0,31115,,
240,Counter-Strike: Source,"Nov 1, 2004",0,9.99,175426.0,6808,,
24010,Train Simulator Classic 2024,"Sep 17, 2015",0,29.99,20015.0,8172,,
240320,Panzar,"Nov 25, 2013",1,,3397.0,1750,,
240720,Getting Over It with Bennett Foddy,"Dec 6, 2017",0,7.99,63479.0,13524,,
241930,Middle-earth™: Shadow of Mordor™,"Sep 30, 2014",0,19.99,83849.0,6866,,
24200,DC Universe™ Online,"Nov 2, 2011",1,,16923.0,4093,,
242050,Assassin’s Creed® IV Black Flag™,,0,39.99,62942.0,8129,,
2420510,HoloCure - Save the Fans!,"Aug 16, 2023",1,,37623.0,363,,
24240,PAYDAY™ The Heist,"Oct 20, 2011",0,14.99,37570.0,2653,,
242720,GunZ 2: The Second Duel,"May 1, 2014",1,,7055.0,3622,,
242760,The Forest,"Apr 30, 2018",0,19.99,599805.0,27986,,
242860,Verdun,"Apr 28, 2015",0,3.99,32142.0,5175,,
242920,Banished,"Feb 18, 2014",0,19.99,38173.0,4073,,
243470,Watch_Dogs™,"May 26, 2014",0,19.99,35770.0,9953,,
244210,Assetto Corsa,"Dec 19, 2014",0,19.99,140238.0,11153,,
244850,Space Engineers,"Feb 28, 2019",0,19.99,117204.0,15143,,
245170,Skullgirls 2nd Encore,"Aug 22, 2013",0,24.99,29623.0,11230,,
245620,Tropico 5,"May 23, 2014",0,7.99,11092.0,3031,,
246620,Plague Inc: Evolved,"Feb 18, 2016",0,14.99,52571.0,3093,,
246900,Viscera Cleanup Detail,"Oct 23, 2015",0,12.99,20651.0,1639,,
247080,Crypt of the NecroDancer,"Apr 23, 2015",0,14.99,24053.0,1063,,
2479810,Gray Zone Warfare,"Apr 30, 2024",0,39.99,40235.0,19083,,
248570,Toribash,"May 16, 2014",1,,14775.0,1928,,
249130,LEGO® Marvel™ Super Heroes,"Oct 22, 2013",0,19.99,24959.0,1218,,
24960,Battlefield: Bad Company™ 2,"Mar 2, 2010",0,,31749.0,5438,,
24980,Mass Effect 2 (2010 Edition),,0,,14623.0,920,,
250400,How to Survive,"Aug 29, 2014",0,14.99,14071.0,2954,,
250900,The Binding of Isaac: Rebirth,"Nov 4, 2014",0,14.99,334165.0,9255,,
251060,Wargame: Red Dragon,"Apr 17, 2014",0,7.49,17036.0,2147,,
251570,7 Days to Die,"Jul 25, 2024",0,44.99,327889.0,42157,,
252130,Divide By Sheep,"Jul 2, 2015",0,4.99,2376.0,246,,
252490,Rust,"Feb 8, 2018",0,39.99,1071135.0,156649,,
2527500,MiSide,"Dec 10, 2024",0,13.49,108883.0,2204,,
252950,Rocket League®,"Jul 6, 2015",0,,509445.0,73775,,
253710,theHunter Classic,"Jun 3, 2014",1,,24959.0,17994,,
253900,Knights and Merchants,"Oct 14, 2013",0,9.99,3949.0,714,,
253960,Jack Orlando: Director's Cut,"Oct 4, 2013",0,6.99,445.0,202,,
253980,Enclave,"Oct 4, 2013",0,9.99,5068.0,1312,,
254700,Resident Evil 4 (2005),"Feb 27, 2014",0,19.99,77003.0,5431,,
2551020,One-armed robber,"Dec 15, 2023",1,,35393.0,3335,,
2552430,KINGDOM HEARTS -HD 1.5+2.5 ReMIX-,"Jun 13, 2024",0,49.99,6361.0,1241,,
255710,Cities: Skylines,"Mar 10, 2015",0,29.99,256362.0,19408,,
2567870,Chained Together,"Jun 19, 2024",0,4.99,48180.0,4958,,
257350,Baldur's Gate II: Enhanced Edition,"Nov 15, 2013",0,19.99,9243.0,797,,
257510,The Talos Principle,"Dec 11, 2014",0,29.99,30399.0,1462,,
259080,Just Cause 2: Multiplayer Mod,"Dec 16, 2013",1,,13558.0,1246,,
261030,The Walking Dead: Season Two,"Dec 17, 2013",0,14.99,30526.0,1113,,
261110,Killer is Dead - Nightmare Edition,"May 23, 2014",0,19.99,6296.0,2105,,
261550,Mount & Blade II: Bannerlord,"Oct 25, 2022",0,49.99,232360.0,32031,,
261570,Ori and the Blind Forest,"Mar 10, 2015",0,,54150.0,3262,,
261640,Borderlands: The Pre-Sequel,"Oct 13, 2014",0,39.99,33577.0,8802,,
262060,Darkest Dungeon®,"Jan 19, 2016",0,24.99,137026.0,12430,,
2622000,Astral Party ,"Feb 28, 2024",1,,9547.0,7422,,
2622380,ELDEN RING NIGHTREIGN,"May 29, 2025",0,39.99,48901.0,16771,,
2623190,The Elder Scrolls IV: Oblivion Remastered,"Apr 22, 2025",0,49.99,42316.0,10242,,
262410,World of Guns: Gun Disassembly,"May 21, 2014",1,,16184.0,3058,,
2630,Call of Duty® 2,"Oct 13, 2006",0,19.99,9804.0,670,,
263500,Dragons and Titans,"Mar 12, 2014",0,,2715.0,726,,
264710,Subnautica,"Jan 23, 2018",0,29.99,304449.0,9258,,
265550,Dead Rising 3 Apocalypse Edition,"Sep 5, 2014",0,29.99,14615.0,4459,,
265590,The Red Solstice,"Jul 9, 2015",0,9.99,1772.0,729,,
265630,Fistful of Frags,"May 9, 2014",1,,33130.0,3132,,
265930,Goat Simulator,"Apr 1, 2014",0,9.99,62249.0,6331,,
266840,Age of Mythology: Extended Edition,"May 8, 2014",0,29.99,32895.0,2413,,
2669320,EA SPORTS FC™ 25,"Sep 26, 2024",0,69.99,37253.0,37543,,
2670630,Supermarket Simulator,"Jun 19, 2025",0,19.99,64104.0,4237,,
26800,Braid,"Apr 10, 2009",0,14.99,9121.0,640,,
2680010,The First Berserker: Khazan,"Mar 27, 2025",0,59.99,15733.0,1816,,
268050,The Evil Within,"Oct 13, 2014",0,19.99,25820.0,4485,,
268420,Aura Kingdom,"Jul 4, 2014",0,,6676.0,1884,,
268500,XCOM® 2,"Feb 4, 2016",0,2.99,86187.0,15514,,
268910,Cuphead,"Sep 29, 2017",0,19.99,179894.0,6941,,
269210,Hero Siege,"Jan 29, 2014",0,2.71,29813.0,13699,,
2694490,Path of Exile 2,"Dec 6, 2024",0,29.99,118511.0,50510,,
270150,RUNNING WITH RIFLES,"Apr 2, 2015",0,14.99,14195.0,1932,,
270880,American Truck Simulator,"Feb 2, 2016",0,19.99,169735.0,5552,,
2709570,Supermarket Together,"Aug 9, 2024",1,,63994.0,3441,,
271590,Grand Theft Auto V Legacy,"Apr 13, 2015",0,,1739980.0,250576,,
273110,Counter-Strike Nexon,"Oct 7, 2014",1,,28373.0,14329,,
273350,Evolve Stage 2,"Feb 10, 2015",0,,33844.0,14518,,
274170,Hotline Miami 2: Wrong Number,"Mar 10, 2015",0,14.99,62741.0,3893,,
274190,Broforce,"Oct 15, 2015",0,14.99,57080.0,1800,,
274940,Depth,"Nov 3, 2014",0,19.99,28701.0,3964,,
275390,Guacamelee! Super Turbo Championship Edition,"Aug 21, 2014",0,14.99,6234.0,499,,
275850,No Man's Sky,"Aug 12, 2016",0,59.99,293332.0,59526,,
278080,DYNASTY WARRIORS 8: Xtreme Legends Complete Edition,"May 13, 2014",0,14.99,11342.0,2155,,
278360,A Story About My Uncle,"May 28, 2014",0,2.99,26479.0,2437,,
279720,The I of the Dragon,"Mar 6, 2015",0,7.99,676.0,321,,
280,Half-Life: Source,"Jun 1, 2004",0,9.99,11068.0,4988,,
280790,Creativerse,"May 8, 2017",0,24.99,24051.0,6924,,
281990,Stellaris,"May 9, 2016",0,39.99,159527.0,25906,,
282070,This War of Mine,"Nov 14, 2014",0,19.99,94484.0,7256,,
282140,SOMA,"Sep 21, 2015",0,29.99,43530.0,1835,,
282440,Quake Live,"Sep 17, 2014",0,9.99,13303.0,2074,,
2835570,Buckshot Roulette,"Apr 4, 2024",0,1.79,91745.0,3796,,
284160,BeamNG.drive,"May 29, 2015",0,24.99,313873.0,8405,,
285190,"Warhammer 40,000: Dawn of War III","Apr 27, 2017",0,39.99,10879.0,11638,,
285800,Braveland,"Mar 17, 2014",0,9.99,2555.0,577,,
285900,Gang Beasts,"Dec 12, 2017",0,19.99,51267.0,9003,,
286160,Tabletop Simulator,"Jun 5, 2015",0,19.99,66735.0,3925,,
286570,F1 2015,"Jul 9, 2015",0,,4720.0,3172,,
286690,Metro 2033 Redux,"Aug 25, 2014",0,19.99,101543.0,9424,,
286940,S.K.I.L.L. - Special Force 2 (Shooter),"May 19, 2015",0,,8049.0,3267,,
287290,Resident Evil Revelations 2,"Feb 24, 2015",0,19.99,22413.0,6276,,
287390,Metro: Last Light Redux,"Aug 25, 2014",0,19.99,63534.0,6562,,
287450,Rise of Nations: Extended Edition,"Jun 12, 2014",0,19.99,13962.0,782,,
287700,METAL GEAR SOLID V: THE PHANTOM PAIN,"Sep 1, 2015",0,19.99,91675.0,8247,,
2881650,Content Warning,"Apr 1, 2024",0,7.99,137483.0,7608,,
289070,Sid Meier’s Civilization® VI,"Oct 20, 2016",0,59.99,304053.0,45867,,
289130,ENDLESS™ Legend,"Sep 18, 2014",0,29.99,15589.0,3042,,
289650,Assassin's Creed® Unity,"Nov 11, 2014",0,29.99,58065.0,16229,,
291480,Warface: Clutch,"Jul 1, 2014",1,,54554.0,27643,,
291550,Brawlhalla,"Oct 17, 2017",1,,314809.0,71647,,
291650,Pillars of Eternity,"Mar 26, 2015",0,29.99,21751.0,2899,,
292030,The Witcher 3: Wild Hunt,"May 18, 2015",0,39.99,802993.0,32356,,
292730,Call of Duty®: Infinite Warfare,"Nov 3, 2016",0,59.99,16982.0,11396,,
292910,Deponia: The Complete Journey,"Jul 8, 2014",0,29.99,5613.0,931,,
294100,RimWorld,"Oct 17, 2018",0,34.99,206216.0,4301,,
297000,Heroes® of Might & Magic® III - HD Edition,"Jan 28, 2015",0,14.99,18085.0,4694,,
298110,Far Cry® 4,"Nov 17, 2014",0,29.99,51618.0,9649,,
299360,Block N Load,"Apr 30, 2015",0,,11944.0,3237,,
299460,Woodle Tree Adventures,"Mar 2, 2016",0,0.67,3717.0,1800,,
30,Day of Defeat,"May 1, 2003",0,4.99,6414.0,688,,
300,Day of Defeat: Source,"Jul 12, 2010",0,9.99,20798.0,1891,,
301520,Robocraft,"Aug 24, 2017",0,,86240.0,31815,,
302510,Ryse: Son of Rome,"Oct 10, 2014",0,9.99,35415.0,5411,,
302830,BLOCKADE 3D,"Dec 19, 2014",1,,14974.0,10584,,
303390,Dead Bits,"Jun 7, 2014",0,4.99,5141.0,3408,,
304050,Trove,"Jul 9, 2015",1,,74103.0,18267,,
304240,Resident Evil,"Jan 19, 2015",0,19.99,24613.0,2154,,
304390,FOR HONOR™,"Mar 14, 2024",0,29.99,104468.0,45788,,
304430,INSIDE,"Jul 7, 2016",0,19.99,65954.0,2092,,
304670,Aeon Command,"Jul 3, 2014",0,2.99,325.0,87,,
304930,Unturned,"Jul 7, 2017",1,,506516.0,48852,,
305620,The Long Dark,"Aug 1, 2017",0,19.99,101846.0,10729,,
306130,The Elder Scrolls® Online,"May 22, 2017",0,19.99,125497.0,28616,,
3070070,TCG Card Shop Simulator,"Sep 15, 2024",0,12.99,38392.0,1107,,
307690,Sleeping Dogs: Definitive Edition,"Oct 8, 2014",0,19.99,64644.0,4385,,
307780,Mortal Kombat X,"Apr 13, 2015",0,19.99,48077.0,8175,,
308040,Back to Bed,"Aug 6, 2014",0,1.19,2296.0,537,,
3097560,Liar's Bar,"Oct 2, 2024",0,6.99,44341.0,4209,,
310560,DiRT Rally,"Dec 7, 2015",0,,34981.0,4810,,
310950,Street Fighter V,"Feb 15, 2016",0,9.99,29529.0,14122,,
311210,Call of Duty®: Black Ops III,"Nov 5, 2015",0,59.99,181306.0,33720,,
311340,METAL GEAR SOLID V: GROUND ZEROES,"Dec 18, 2014",0,19.99,14283.0,2673,,
311690,Enter the Gungeon,"Apr 5, 2016",0,14.99,81669.0,3893,,
311860,Data Hacker: Initiation,"Jul 21, 2014",0,1.99,173.0,95,,
312520,Rain World,"Mar 28, 2017",0,11.24,39787.0,2490,,
312530,Duck Game,"Jun 4, 2015",0,12.99,37172.0,1304,,
312660,Sniper Elite 4,"Feb 13, 2017",0,59.99,53923.0,5232,,
312990,The Expendabros,"Aug 5, 2014",1,,17661.0,513,,
3132990,Black Myth: Wukong Benchmark Tool,"Aug 12, 2024",1,,4485.0,368,,
314160,Microsoft Flight Simulator X: Steam Edition,"Dec 18, 2014",0,24.99,22120.0,3483,,
3146520,WEBFISHING,"Oct 11, 2024",0,4.99,64473.0,1337,,
316010,Magic Duels,"Jul 29, 2015",0,,16916.0,6928,,
3164500,Schedule I,"Mar 24, 2025",0,19.99,200803.0,3238,,
319510,Five Nights at Freddy's,"Aug 19, 2014",0,4.99,48831.0,3406,,
319630,Life is Strange - Episode 1,"Jan 29, 2015",1,,162769.0,6432,,
319830,AX:EL - Air XenoDawn,"Dec 4, 2015",1,,899.0,293,,
320,Half-Life 2: Deathmatch,"Nov 1, 2004",0,,12962.0,1334,,
322170,Geometry Dash,"Dec 22, 2014",0,4.99,401026.0,28895,,
322330,Don't Starve Together,"Apr 21, 2016",0,14.99,475393.0,23668,,
322500,SUPERHOT,"Feb 25, 2016",0,24.99,35390.0,3386,,
323190,Frostpunk,"Apr 24, 2018",0,29.99,114315.0,9231,,
323470,DRAGON BALL XENOVERSE,"Feb 26, 2015",0,6.49,18775.0,2127,,
323580,Jotun: Valhalla Edition,"Sep 29, 2015",0,14.99,6536.0,1905,,
32370,STAR WARS™ Knights of the Old Republic™,"Sep 5, 2009",0,9.99,28928.0,2810,,
323850,Move or Die,"Jan 21, 2016",0,14.99,20818.0,2415,,
3240220,Grand Theft Auto V Enhanced,"Mar 4, 2025",0,29.99,38595.0,17286,,
3241660,R.E.P.O.,"Feb 26, 2025",0,9.99,179154.0,6488,,
32430,STAR WARS™ - The Force Unleashed™ Ultimate Sith Edition,"Dec 15, 2009",0,19.99,8334.0,2681,,
32470,STAR WARS™ Empire at War - Gold Pack,"May 25, 2010",0,19.99,38503.0,932,,
324800,Shadow Warrior 2,"Oct 13, 2016",0,29.99,23758.0,3472,,
325610,Total War: ATTILA,"Feb 17, 2015",0,44.99,28785.0,6287,,
327690,Gigantic,"Jul 19, 2017",0,,5759.0,1731,,
32800,Lord of the Rings: War in the North,"Nov 1, 2011",0,,7603.0,1749,,
332070,School of Dragons,"Dec 4, 2014",0,,3435.0,2127,,
33230,Assassin's Creed 2,"Mar 9, 2010",0,19.99,48815.0,5831,,
333930,Dirty Bomb®,"Jun 2, 2015",1,,46464.0,10703,,
334210,Fortified,"Feb 3, 2016",0,14.99,1275.0,435,,
334230,Town of Salem,"Dec 15, 2014",0,4.99,32095.0,4314,,
335240,Transformice,"Jan 30, 2015",1,,24320.0,3341,,
335300,DARK SOULS™ II: Scholar of the First Sin,"Apr 1, 2015",0,39.99,98052.0,18658,,
337000,Deus Ex: Mankind Divided,"Aug 23, 2016",0,4.49,31037.0,9813,,
337320,Paint the Town Red,"Jul 29, 2021",0,19.99,28358.0,1218,,
33900,Arma 2,,0,2.59,1769.0,348,,
33930,Arma 2: Operation Arrowhead,"Jun 29, 2010",0,3.99,20414.0,1676,,
340,Half-Life 2: Lost Coast,"Oct 27, 2005",0,,12215.0,1471,,
34030,Total War: NAPOLEON – Definitive Edition,"Feb 25, 2010",0,24.99,23179.0,2186,,
341800,Keep Talking and Nobody Explodes,"Oct 8, 2015",0,14.99,15346.0,401,,
342200,MechWarrior Online™ Legends,"Dec 10, 2015",1,,9790.0,2430,,
34270,SEGA Mega Drive and Genesis Classics,"Jun 1, 2010",0,,9533.0,2269,,
34330,Total War: SHOGUN 2,"Mar 15, 2011",0,29.99,22620.0,2332,,
343710,Kholat,"Jun 9, 2015",0,4.19,4485.0,2238,,
34440,Sid Meier's Civilization® IV,"Oct 25, 2006",0,19.99,1473.0,145,,
34460,Civilization IV: Beyond the Sword,"Jul 24, 2007",0,9.99,1516.0,75,,
346010,Besiege,"Feb 18, 2020",0,3.74,47491.0,2263,,
346110,ARK: Survival Evolved,"Aug 27, 2017",0,14.99,612177.0,117993,,
346330,BrainBread 2,"Mar 9, 2022",1,,3785.0,1382,,
346900,AdVenture Capitalist,"Mar 30, 2015",1,,51968.0,7198,,
34870,Sniper: Ghost Warrior 2,"Mar 11, 2013",0,9.99,13533.0,4383,,
349040,NARUTO SHIPPUDEN: Ultimate Ninja STORM 4,"Feb 4, 2016",0,14.99,80515.0,7987,,
349700,Romero's Aftermath,"Sep 24, 2015",0,,5385.0,5693,,
350640,Sherlock Holmes: The Devil's Daughter,"Jun 10, 2016",0,29.99,10985.0,2803,,
35140,Batman: Arkham Asylum Game of the Year Edition,"Mar 26, 2010",0,19.99,70940.0,2711,,
351940,The Descendant,"Mar 24, 2016",0,14.99,6312.0,811,,
35450,Red Orchestra 2: Heroes of Stalingrad with Rising Storm,"Sep 13, 2011",0,19.99,34765.0,2863,,
355180,Codename CURE,"Oct 31, 2017",1,,13960.0,2518,,
355840,Survarium,"Apr 2, 2015",0,,13832.0,11623,,
356190,Middle-earth™: Shadow of War™,"Oct 9, 2017",0,49.99,95053.0,12165,,
35700,Trine Enchanted Edition,"Jul 2, 2009",0,2.99,14696.0,649,,
35720,Trine 2: Complete Story,"Jun 6, 2013",0,3.99,20682.0,997,,
3590,Plants vs. Zombies GOTY Edition,"May 5, 2009",0,4.99,136574.0,3351,,
359320,Elite Dangerous,"Apr 2, 2015",0,19.99,77388.0,22636,,
359550,Tom Clancy's Rainbow Six® Siege X,"Dec 1, 2015",1,,1172854.0,225730,,
360,Half-Life Deathmatch: Source,"May 1, 2006",0,9.99,3657.0,1242,,
360430,Mafia III: Definitive Edition,"May 19, 2020",0,29.99,32366.0,24142,,
360970,Heaven Forest NIGHTS,"Mar 14, 2017",0,0.49,227.0,112,,
361420,ASTRONEER,"Feb 5, 2019",0,29.99,118817.0,10139,,
362890,Black Mesa,"Mar 6, 2020",0,19.99,121562.0,6131,,
363970,Clicker Heroes,"May 13, 2015",1,,54989.0,6315,,
364360,Total War: WARHAMMER,"May 24, 2016",0,59.99,40889.0,11533,,
364470,The Elder Scrolls®: Legends™,"May 31, 2017",0,,8267.0,2776,,
365450,Hacknet,"Aug 12, 2015",0,1.49,23511.0,1604,,
365590,Tom Clancy’s The Division™,"Mar 7, 2016",0,29.99,65652.0,27546,,
365670,Blender,"Apr 24, 2015",1,,70186.0,2695,,
367500,Dragon's Dogma: Dark Arisen,"Jan 15, 2016",0,29.99,41310.0,5376,,
367520,Hollow Knight,"Feb 24, 2017",0,14.99,403641.0,12305,,
368230,Kingdom: Classic,"Oct 21, 2015",1,,20023.0,2065,,
368260,Marvel's Midnight Suns,"Dec 1, 2022",0,8.99,17871.0,4003,,
368500,Assassin's Creed® Syndicate,"Nov 18, 2015",0,29.99,23779.0,5900,,
370910,Kathy Rain,"May 5, 2016",0,9.99,3478.0,300,,
372000,Tree of Savior (English Ver.),"Mar 28, 2016",1,,13046.0,7265,,
373420,Divinity: Original Sin - Enhanced Edition,"Oct 27, 2015",0,39.99,26069.0,2997,,
374040,Portal Knights,"May 18, 2017",0,19.99,18093.0,3593,,
374320,DARK SOULS™ III,"Apr 11, 2016",0,59.99,390326.0,23449,,
377160,Fallout 4,"Nov 9, 2015",0,19.99,326054.0,66233,,
377300,Thunder Tier One,"Dec 7, 2021",1,,3162.0,1573,,
378540,The Surge,"May 15, 2017",0,14.99,8236.0,2715,,
379430,Kingdom Come: Deliverance,"Feb 13, 2018",0,29.99,136446.0,25760,,
379720,DOOM,"May 12, 2016",0,19.99,198001.0,9278,,
380,Half-Life 2: Episode One,"Jun 1, 2006",0,,30478.0,1344,,
380600,Fishing Planet,"Aug 28, 2017",1,,57004.0,8695,,
381210,Dead by Daylight,"Jun 14, 2016",0,19.99,630223.0,166993,,
383150,Dead Island Definitive Edition,"May 31, 2016",0,2.99,20934.0,4593,,
383870,Firewatch,"Feb 9, 2016",0,19.99,81777.0,8661,,
38400,Fallout: A Post Nuclear Role Playing Game,"Nov 1, 2015",0,9.99,20902.0,1296,,
386180,Crossout,"Jul 26, 2017",1,,48219.0,15920,,
386360,SMITE®,"Sep 8, 2015",1,,94368.0,25428,,
386940,Ultimate Chicken Horse,"Mar 4, 2016",0,14.99,46319.0,1981,,
387290,Ori and the Blind Forest: Definitive Edition,"Apr 27, 2016",0,19.99,63788.0,3191,,
387990,Scrap Mechanic,"Jan 19, 2016",0,19.99,104512.0,8771,,
388410,Darksiders II Deathinitive Edition,"Nov 5, 2015",0,29.99,14223.0,3887,,
389430,Knight Online,"Jan 25, 2016",1,,5482.0,5404,,
389570,Mitos.is: The Game,"Jul 29, 2015",1,,9560.0,2271,,
389730,TEKKEN 7,"Jun 1, 2017",0,39.99,77227.0,15580,,
3910,Sid Meier's Civilization® III Complete,"Oct 25, 2006",0,4.99,6485.0,746,,
39120,RIFT,"Mar 1, 2011",1,,8347.0,2896,,
391220,Rise of the Tomb Raider™,"Feb 9, 2016",0,2.99,128080.0,8100,,
39140,FINAL FANTASY VII,"Jul 4, 2013",0,11.99,25998.0,2013,,
391460,WARMODE,"Sep 13, 2019",1,,10255.0,6275,,
391540,Undertale,"Sep 15, 2015",0,2.49,264082.0,8850,,
391720,Layers of Fear (2016),"Feb 15, 2016",0,19.99,23576.0,3040,,
39210,FINAL FANTASY XIV Online,"Feb 18, 2014",0,19.99,70254.0,9782,,
392110,ENDLESS™ Space 2,"May 18, 2017",0,39.99,18526.0,3664,,
392160,X4: Foundations,"Nov 30, 2018",0,49.99,18951.0,4896,,
393380,Squad,"Sep 23, 2020",0,19.99,175088.0,35463,,
394360,Hearts of Iron IV,"Jun 6, 2016",0,49.99,305168.0,36982,,
394510,HELLDIVERS™ Dive Harder Edition,"Dec 7, 2015",0,19.99,28441.0,3078,,
39500,Gothic® 3,"Dec 2, 2009",0,19.99,9244.0,2120,,
395170,DISTRAINT: Deluxe Edition,"Oct 21, 2015",0,4.99,11408.0,834,,
397540,Borderlands 3,"Mar 13, 2020",0,59.99,125248.0,23817,,
397900,Business Tour - Board Game with Online Multiplayer,"Jul 27, 2017",1,,46567.0,30205,,
40,Deathmatch Classic,"Jun 1, 2001",0,4.99,2618.0,545,,
400,Portal,"Oct 10, 2007",0,9.99,175024.0,2717,,
4000,Garry's Mod,"Nov 29, 2006",0,9.99,1122546.0,37161,,
403640,Dishonored 2,"Nov 11, 2016",0,29.99,56155.0,6627,,
407530,ARK: The Survival Of The Fittest,"Aug 29, 2017",0,,7766.0,3926,,
40800,Super Meat Boy,"Nov 30, 2010",0,14.99,33571.0,1923,,
409710,BioShock™ Remastered,"Sep 15, 2016",0,4.99,47962.0,10301,,
409720,BioShock™ 2 Remastered,"Sep 15, 2016",0,2.99,18860.0,7762,,
40990,Mafia,"Aug 28, 2002",0,14.99,13346.0,1911,,
41000,Serious Sam HD: The First Encounter,"Nov 24, 2009",0,14.99,7652.0,539,,
410320,EARTH DEFENSE FORCE 4.1 The Shadow of New Despair,"Jul 18, 2016",0,19.99,9554.0,500,,
41070,Serious Sam 3: BFE,"Nov 22, 2011",0,29.99,24491.0,3224,,
412020,Metro Exodus,"Feb 14, 2020",0,29.99,108945.0,12370,,
412220,DDNet,"Aug 17, 2020",1,,33440.0,4010,,
413150,Stardew Valley,"Feb 26, 2016",0,14.99,872384.0,13811,,
414340,Hellblade: Senua's Sacrifice,"Aug 7, 2017",0,29.99,66212.0,7260,,
414700,Outlast 2,"Apr 24, 2017",0,19.99,50676.0,4824,,
41500,Torchlight,"Oct 27, 2009",0,14.99,6319.0,637,,
417860,Emily is Away,"Nov 20, 2015",1,,28260.0,3636,,
417910,Street Warriors Online,"Dec 16, 2016",0,1.99,941.0,693,,
418070,Turbo Pug,"Nov 9, 2015",0,1.99,3029.0,316,,
418240,Shadow Tactics: Blades of the Shogun,"Dec 6, 2016",0,39.99,35767.0,1470,,
418370,Resident Evil 7 Biohazard,"Jan 23, 2017",0,19.99,93214.0,4632,,
418460,Rising Storm 2: Vietnam,"May 30, 2017",0,24.99,49952.0,7611,,
420,Half-Life 2: Episode Two,"Oct 10, 2007",0,,40556.0,1226,,
424280,Iron Snout,"Jan 27, 2016",1,,16955.0,391,,
424370,Wolcen: Lords of Mayhem,"Feb 13, 2020",0,29.99,37846.0,29831,,
424840,Little Nightmares,"Apr 27, 2017",0,19.99,104472.0,5724,,
42680,Call of Duty®: Modern Warfare® 3 (2011),"Nov 8, 2011",0,39.99,21320.0,3686,,
42700,Call of Duty®: Black Ops,"Nov 9, 2010",0,39.99,36530.0,3695,,
42710,Call of Duty®: Black Ops,"Nov 9, 2010",0,39.99,15124.0,2010,,
427270,Orcs Must Die! Unchained,"Apr 19, 2017",0,,4205.0,1915,,
427520,Factorio,"Aug 14, 2020",0,35.0,208770.0,6439,,
427730,Who's Your Daddy?!,"May 13, 2016",0,6.99,24318.0,6091,,
42910,Magicka,"Jan 25, 2011",0,9.99,26997.0,4365,,
431240,Golf With Your Friends,"May 19, 2020",0,7.19,59105.0,7975,,
431730,Aseprite,"Feb 22, 2016",0,19.99,21620.0,198,,
431960,Wallpaper Engine,"Nov 16, 2018",0,4.99,876898.0,17560,,
433340,Slime Rancher,"Aug 1, 2017",0,19.99,135271.0,2826,,
433850,Z1 Battle Royale,"Feb 28, 2018",1,,113729.0,90284,,
434650,Lost Castle / 失落城堡,"Aug 31, 2016",0,9.99,20442.0,3082,,
435150,Divinity: Original Sin 2 - Definitive Edition,"Sep 14, 2017",0,44.99,182166.0,7958,,
436150,,,0,,10541.0,4800,,
436520,Line of Sight,"Jan 31, 2017",1,,5402.0,3653,,
437900,Party Jousting,"Mar 1, 2016",1,,662.0,61,,
438040,Shakes and Fidget,"Feb 24, 2016",1,,33837.0,2756,,
438100,VRChat,"Feb 1, 2017",1,,181623.0,58732,,
438740,Friday the 13th: The Game,"May 25, 2017",0,,62069.0,15444,,
439190,Stories: The Path of Destinies,"Apr 12, 2016",0,14.99,5754.0,767,,
439700,Z1 Battle Royale: Test Server,"Feb 24, 2016",0,,1341.0,1224,,
440,Team Fortress 2,"Oct 10, 2007",1,,1044264.0,117208,,
440900,Conan Exiles,"May 8, 2018",0,11.99,84575.0,22890,,
442080,Riders of Icarus,"Jul 6, 2016",0,,7083.0,3643,,
443110,Armored Warfare,"Nov 17, 2017",1,,3238.0,1713,,
444090,Paladins®,"May 8, 2018",1,,294373.0,52031,,
444200,World of Tanks Blitz,"Nov 9, 2016",1,,116407.0,31754,,
444640,Bloons TD Battles,"Apr 20, 2016",1,,26414.0,2682,,
446800,Transport Fever,"Nov 8, 2016",0,29.99,8934.0,1788,,
447020,Farming Simulator 17,"Oct 24, 2016",0,14.99,23379.0,1630,,
447040,Watch_Dogs® 2,"Nov 28, 2016",0,49.99,68213.0,14166,,
447820,Day of Infamy,"Mar 23, 2017",0,14.99,18172.0,3883,,
448510,Overcooked,"Aug 3, 2016",0,16.99,13706.0,1469,,
4500,S.T.A.L.K.E.R.: Shadow of Chernobyl,"Mar 20, 2007",0,19.99,44761.0,2530,,
450390,The Lab,"Apr 5, 2016",1,,6066.0,323,,
453480,Shadowverse CCG,"Oct 27, 2016",1,,10839.0,3875,,
454650,DRAGON BALL XENOVERSE 2,"Oct 27, 2016",0,19.99,47781.0,5102,,
4560,Company of Heroes - Legacy Edition,"Jul 17, 2007",0,36.99,6540.0,457,,
4570,"Warhammer 40,000: Dawn of War - Anniversary Edition","Aug 7, 2007",0,14.99,10634.0,572,,
457140,Oxygen Not Included,"Jul 30, 2019",0,24.99,124220.0,4170,,
459820,Crush Crush,"Oct 18, 2016",1,,24246.0,2949,,
460790,Bayonetta,"Apr 11, 2017",0,19.99,26797.0,2156,,
460920,Steep™,"Dec 2, 2016",0,29.99,25437.0,5447,,
460930,Tom Clancy's Ghost Recon® Wildlands,"Mar 6, 2017",0,49.99,77138.0,19439,,
460950,Katana ZERO,"Apr 18, 2019",0,14.99,69672.0,1397,,
462780,Darksiders Warmastered Edition,"Nov 29, 2016",0,19.99,13991.0,1943,,
464920,Surviving Mars,"Mar 15, 2018",0,9.89,22472.0,4098,,
466240,Deceit,"Mar 3, 2017",1,,73606.0,19421,,
466560,Northgard,"Mar 7, 2018",0,29.99,55844.0,8851,,
4700,Total War: MEDIEVAL II – Definitive Edition,"Nov 15, 2006",0,24.99,31910.0,1434,,
470220,UNO,"Jan 3, 2017",0,9.99,37173.0,14345,,
471710,Rec Room,"Sep 2, 2021",1,,63756.0,7467,,
474960,Quantum Break,"Sep 29, 2016",0,39.99,24117.0,4023,,
475150,Titan Quest Anniversary Edition,"Aug 31, 2016",0,19.99,32295.0,3226,,
475550,Beholder,"Nov 9, 2016",0,13.99,25444.0,2303,,
4760,Rome: Total War™ - Collection,"Aug 28, 2007",0,,15304.0,873,,
476480,Heaven Forest - VR MMO,"Dec 14, 2016",0,0.55,331.0,156,,
476600,Call of Duty®: WWII,"Nov 2, 2017",0,59.99,30055.0,13278,,
477160,Human Fall Flat,"Jul 22, 2016",0,19.99,202253.0,11387,,
47790,Medal of Honor™,"Oct 12, 2010",0,19.99,7621.0,2438,,
47810,Dragon Age: Origins - Ultimate Edition,"Oct 26, 2010",0,7.49,24599.0,3813,,
47830,Medal of Honor™,"Oct 12, 2010",0,19.99,3382.0,1403,,
47870,Need For Speed: Hot Pursuit,"Dec 14, 2010",0,,16490.0,3487,,
47890,The Sims™ 3,"Jan 27, 2011",0,19.99,28544.0,4366,,
48000,LIMBO,"Aug 2, 2011",0,9.99,53043.0,4241,,
48190,Assassin’s Creed® Brotherhood,"Mar 22, 2011",0,19.99,20484.0,2652,,
482730,Football Manager 2017,"Nov 3, 2016",0,,6576.0,4465,,
485510,Nioh: Complete Edition,"Nov 7, 2017",0,7.49,27867.0,7025,,
48700,Mount & Blade: Warband,"Mar 31, 2010",0,19.99,162632.0,3773,,
487220,Freebie,"Jun 16, 2016",0,1.99,1032.0,371,,
488790,South Park™: The Fractured But Whole™,"Oct 16, 2017",0,29.99,24764.0,4520,,
489830,The Elder Scrolls V: Skyrim Special Edition,"Oct 27, 2016",0,39.99,310162.0,26896,,
491950,Orwell: Keeping an Eye On You,"Oct 27, 2016",0,9.99,13540.0,1414,,
4920,Natural Selection 2,"Oct 30, 2012",0,4.99,11207.0,1932,,
492720,Tropico 6,"Mar 29, 2019",0,13.99,23776.0,3415,,
493340,Planet Coaster,"Nov 17, 2016",0,44.99,64131.0,6147,,
493520,GTFO,"Dec 9, 2021",0,15.19,52357.0,9740,,
49520,Borderlands 2,"Sep 17, 2012",0,19.99,272900.0,22318,,
495420,State of Decay 2: Juggernaut Edition,"Mar 13, 2020",0,29.99,52001.0,10715,,
50,Half-Life: Opposing Force,"Nov 1, 1999",0,4.99,24363.0,1198,,
500,Left 4 Dead,"Nov 17, 2008",0,9.99,59622.0,2272,,
50130,Mafia II (Classic),"Mar 22, 2011",0,29.99,51876.0,3121,,
50300,Spec Ops: The Line,"Jun 29, 2012",0,,51267.0,3642,,
504230,Celeste,"Jan 25, 2018",0,19.99,117545.0,3057,,
504370,Battlerite,"Nov 8, 2017",1,,50196.0,9152,,
50620,Darksiders™,"Sep 23, 2010",0,,11074.0,1328,,
506540,Last Man Standing,"Mar 29, 2017",0,,10776.0,6811,,
508440,Totally Accurate Battle Simulator,"Apr 1, 2021",0,6.79,132974.0,2969,,
509980,BIGFOOT,"Jan 31, 2017",0,19.99,17125.0,3741,,
510840,Evolvation,"Feb 6, 2017",0,1.99,644.0,304,,
511470,Glass Masquerade,"Nov 18, 2016",0,4.99,6405.0,202,,
513710,SCUM,"Jun 17, 2025",0,44.99,83704.0,28411,,
518790,theHunter: Call of the Wild™,"Feb 16, 2017",0,4.99,157641.0,19969,,
519860,DUSK,"Dec 10, 2018",0,19.99,22830.0,639,,
524220,NieR:Automata™,"Mar 17, 2017",0,39.99,122027.0,18142,,
526870,Satisfactory,"Sep 10, 2024",0,39.99,225479.0,6585,,
527230,For The King,"Apr 19, 2018",0,3.99,36581.0,4906,,
527430,"Warhammer 40,000: Inquisitor - Martyr","Jun 5, 2018",0,49.99,16053.0,5097,,
529340,Victoria 3,"Oct 25, 2022",0,49.99,35043.0,17575,,
530700,Argo,"Jun 22, 2017",0,,5610.0,5315,,
532210,Life is Strange 2,"Sep 26, 2018",1,,31616.0,5018,,
534380,Dying Light 2 Stay Human: Reloaded Edition,"Feb 3, 2022",0,23.09,154122.0,40708,,
535930,Two Point Hospital,"Aug 29, 2018",0,29.99,30563.0,2711,,
537180,Digimon Masters Online,"Nov 3, 2016",1,,5461.0,2664,,
544730,Catan Universe,"Apr 25, 2017",1,,7826.0,8234,,
544750,SOULCALIBUR VI,"Oct 18, 2018",0,59.99,11147.0,2394,,
544810,KARDS - The WW2 Card Game,"Apr 15, 2020",1,,28543.0,10136,,
546560,Half-Life: Alyx,"Mar 23, 2020",0,59.99,95555.0,1674,,
548430,Deep Rock Galactic,"May 13, 2020",0,9.89,333587.0,9413,,
550,Left 4 Dead 2,"Nov 16, 2009",0,9.99,940221.0,23762,,
550650,Black Squad,"Jun 26, 2019",1,,62042.0,19672,,
550900,Metin2,"May 8, 2017",0,,10212.0,4355,,
55100,Homefront,"Mar 14, 2011",0,19.99,7787.0,4980,,
55110,Red Faction®: Armageddon™,"Jun 6, 2011",0,19.99,3537.0,1314,,
55150,"Warhammer 40,000: Space Marine - Anniversary Edition","Sep 5, 2011",0,39.99,27915.0,2501,,
552100,Brick Rigs,"Jul 14, 2023",0,18.99,47391.0,2731,,
55230,Saints Row: The Third,"Nov 14, 2011",0,9.99,65644.0,2956,,
552500,Warhammer: Vermintide 2,"Mar 8, 2018",0,29.99,113489.0,20234,,
552520,Far Cry® 5,"Mar 26, 2018",0,8.99,140377.0,33100,,
552990,World of Warships,"Nov 15, 2017",1,,112887.0,33665,,
553850,HELLDIVERS™ 2,"Feb 8, 2024",0,39.99,775883.0,241752,,
554620,Life is Strange: Before the Storm,"Aug 31, 2017",0,16.99,34787.0,2506,,
555570,Infestation: The New Z,"Nov 22, 2016",1,,18200.0,15615,,
560130,Pillars of Eternity II: Deadfire,"May 8, 2018",0,39.99,16666.0,2265,,
56437,"Warhammer 40,000: Dawn of War II: Retribution",,0,,11303.0,1207,,
568220,Lobotomy Corporation | Monster Management Simulation,"Apr 9, 2018",0,24.99,41213.0,2719,,
569480,Kingdoms and Castles,"Jul 20, 2017",0,14.99,27743.0,1972,,
570940,DARK SOULS™: REMASTERED,"May 23, 2018",0,39.99,119152.0,10147,,
57300,Amnesia: The Dark Descent,"Sep 8, 2010",0,2.99,32258.0,1850,,
57690,Tropico 4,"Sep 1, 2011",0,5.99,11400.0,1027,,
578080,PUBG: BATTLEGROUNDS,"Dec 21, 2017",1,,1520457.0,1037487,,
581320,Insurgency: Sandstorm,"Dec 12, 2018",0,29.99,107857.0,19061,,
582010,Monster Hunter: World,"Aug 8, 2018",0,29.99,434239.0,59151,,
582160,Assassin's Creed® Origins,"Oct 26, 2017",0,59.99,97301.0,16195,,
582500,We Were Here,"Feb 3, 2017",1,,27014.0,2983,,
582660,Black Desert,"May 24, 2017",0,9.99,64416.0,22503,,
583950,Artifact,"Nov 28, 2018",1,,11614.0,13144,,
585420,Trailmakers,"Sep 18, 2019",0,9.99,25941.0,2106,,
585690,Minimalism,"Feb 8, 2017",0,0.49,1276.0,465,,
588430,Fallout Shelter,"Mar 29, 2017",1,,65847.0,8601,,
588650,Dead Cells,"Aug 6, 2018",0,12.49,163549.0,4915,,
594570,Total War: WARHAMMER II,"Sep 28, 2017",0,59.99,114776.0,9476,,
594650,Hunt: Showdown 1896,"Aug 27, 2019",0,29.99,181110.0,67110,,
599140,Graveyard Keeper,"Aug 15, 2018",0,19.99,37721.0,5926,,
6000,STAR WARS™ Republic Commando™,"Jul 8, 2009",0,9.99,15357.0,687,,
601150,Devil May Cry 5,"Mar 7, 2019",0,29.99,140260.0,5873,,
601430,The Evil Within 2,"Oct 12, 2017",0,39.99,26655.0,2251,,
601510,Yu-Gi-Oh! Duel Links,"Nov 16, 2017",1,,36345.0,7285,,
602960,Barotrauma,"Mar 13, 2023",0,34.99,70694.0,4640,,
603850,Age of History II,"Nov 21, 2018",0,4.99,41684.0,4711,,
6060,"STAR WARS™ Battlefront II (Classic, 2005)","Jul 8, 2009",0,9.99,50396.0,2891,,
606150,Moonlighter,"May 29, 2018",0,19.99,16395.0,3518,,
606280,Darksiders III,"Nov 27, 2018",0,39.99,11626.0,3571,,
611500,Quake Champions,"Aug 18, 2022",1,,28297.0,10068,,
612880,Wolfenstein II: The New Colossus,"Oct 26, 2017",0,39.99,36084.0,8413,,
613010,Secret in Story,"Jun 19, 2017",0,0.99,79.0,35,,
613100,House Flipper,"May 17, 2018",0,4.99,89596.0,5548,,
617290,Remnant: From the Ashes,"Aug 19, 2019",0,39.99,44761.0,8081,,
620,Portal 2,"Apr 18, 2011",0,9.99,427835.0,5675,,
620980,Beat Saber,"May 21, 2019",0,29.99,71341.0,3271,,
621060,PC Building Simulator,"Jan 29, 2019",0,19.99,48356.0,3299,,
627690,Idle Champions of the Forgotten Realms,"Mar 25, 2020",1,,11212.0,3268,,
629520,Soundpad,"Sep 30, 2017",0,4.99,84918.0,3466,,
629730,Blade and Sorcery,"Jun 17, 2024",0,29.99,55566.0,1919,,
629760,MORDHAU,"Apr 29, 2019",0,29.99,90102.0,22098,,
630,Alien Swarm,"Jul 19, 2010",1,,20179.0,1095,,
630100,SoulWorker - Anime Action MMO,"Feb 26, 2018",0,,11048.0,2901,,
632360,Risk of Rain 2,"Aug 11, 2020",0,24.99,293127.0,20450,,
632470,Disco Elysium - The Final Cut,"Oct 15, 2019",0,39.99,104010.0,7702,,
633230,NARUTO TO BORUTO: SHINOBI STRIKER,"Jun 29, 2023",0,4.99,47138.0,8892,,
63380,Sniper Elite V2,,0,,22263.0,2958,,
635260,CarX Drift Racing Online,"Nov 17, 2017",0,14.99,79504.0,3912,,
636480,Ravenfield,"May 18, 2017",0,17.99,71341.0,2264,,
637090,BATTLETECH,"Apr 24, 2018",0,39.99,26438.0,5125,,
637650,FINAL FANTASY XV WINDOWS EDITION,"Mar 6, 2018",0,34.99,44632.0,9056,,
638070,Murderous Pursuits,"Apr 26, 2018",0,9.99,1794.0,1022,,
638970,Yakuza 0,"Aug 1, 2018",0,19.99,70292.0,3189,,
640590,The LEGO® NINJAGO® Movie Video Game,"Sep 22, 2017",0,19.99,6151.0,1028,,
640820,Pathfinder: Kingmaker — Enhanced Plus Edition,"Sep 25, 2018",0,19.99,26001.0,7420,,
641990,The Escapists 2,"Aug 21, 2017",0,19.99,28948.0,3000,,
644560,Mirror,"Apr 19, 2018",0,0.79,80419.0,2554,,
644930,They Are Billions,"Jun 18, 2019",0,29.99,41508.0,7257,,
645630,Car Mechanic Simulator 2018,"Jul 28, 2017",0,2.99,47065.0,4456,,
646570,Slay the Spire,"Jan 23, 2019",0,24.99,178250.0,4027,,
646910,The Crew™ 2,"Jun 28, 2018",0,29.99,72724.0,21141,,
648350,Jurassic World Evolution,"Jun 11, 2018",0,44.99,47081.0,6875,,
648800,Raft,"Jun 20, 2022",0,19.99,323198.0,23161,,
657200,Hand Simulator,"Jul 18, 2017",0,1.99,30653.0,5873,,
65790,ARMA: Cold War Assault,"Aug 8, 2011",0,0.99,4857.0,1236,,
65800,Dungeon Defenders,"Oct 18, 2011",0,14.99,16818.0,1242,,
65930,The Bureau: XCOM Declassified,"Aug 19, 2013",0,19.99,8277.0,3509,,
65980,Sid Meier's Civilization®: Beyond Earth™,"Oct 23, 2014",0,39.99,13604.0,8974,,
666220,CS2D,"Nov 15, 2017",1,,8950.0,987,,
668580,Atomic Heart,"Feb 20, 2023",0,59.99,31167.0,6828,,
671860,BattleBit Remastered,"Jun 15, 2023",0,14.99,120458.0,22666,,
673130,AMID EVIL,"Jun 20, 2019",0,19.99,6709.0,448,,
67370,The Darkness II,"Feb 9, 2012",0,29.99,18121.0,1651,,
673950,Farm Together,"Oct 11, 2018",0,19.99,20462.0,1266,,
674020,World War 3,"Dec 10, 2022",1,,29495.0,25034,,
674940,Stick Fight: The Game,"Sep 28, 2017",0,1.99,114720.0,7938,,
675010,MudRunner,"Oct 30, 2017",0,19.99,34349.0,3347,,
677620,Splitgate,"May 24, 2019",1,,102336.0,9404,,
678950,DRAGON BALL FighterZ,"Jan 26, 2018",0,59.99,65978.0,6998,,
678960,CODE VEIN,"Sep 26, 2019",0,59.99,48327.0,8991,,
680420,OUTRIDERS,"Apr 1, 2021",0,19.99,40267.0,20201,,
681660,Bless Online,"Oct 23, 2018",0,,3683.0,6185,,
683320,GRIS,"Dec 13, 2018",0,14.99,80404.0,3044,,
6850,Hitman 2: Silent Assassin,"Mar 15, 2007",0,8.99,3478.0,724,,
6860,Hitman: Blood Money,"Mar 15, 2007",0,9.99,13213.0,821,,
686810,Hell Let Loose,"Jul 27, 2021",0,49.99,113447.0,24230,,
6880,Just Cause,"Mar 15, 2007",0,6.99,3266.0,1674,,
690790,DiRT Rally 2.0,"Feb 25, 2019",0,13.99,39383.0,5212,,
6910,Deus Ex: Game of the Year Edition,"Mar 29, 2007",0,0.97,13801.0,751,,
692850,Bloodstained: Ritual of the Night,"Jun 18, 2019",0,39.99,36999.0,2486,,
698780,Doki Doki Literature Club!,"Oct 6, 2017",1,,203247.0,7470,,
699130,World War Z,"Sep 21, 2021",0,29.99,21657.0,4401,,
70,Half-Life,"Nov 19, 1998",0,9.99,143086.0,5135,,
700330,SCP: Secret Laboratory,"Dec 29, 2017",1,,195923.0,18386,,
701160,Kingdom Two Crowns,"Dec 11, 2018",0,19.99,6244.0,819,,
703080,Planet Zoo,"Nov 5, 2019",0,44.99,80029.0,7820,,
704270,Generation Zero®,"Mar 26, 2019",0,7.49,29053.0,11451,,
704850,Thief Simulator,"Nov 9, 2018",0,1.99,31601.0,4206,,
706990,BLOCKPOST LEGACY,"Apr 25, 2019",1,,12342.0,4219,,
72850,The Elder Scrolls V: Skyrim,"Nov 10, 2011",0,19.99,300915.0,16364,,
728880,Overcooked! 2,"Aug 7, 2018",0,9.69,65992.0,6809,,
730,Counter-Strike 2,"Aug 21, 2012",1,,7642084.0,1173003,,
736220,Squad 44,"Aug 9, 2018",0,29.99,18508.0,6156,,
736590,Operation: Harsh Doorstop,"Feb 15, 2023",1,,14167.0,4253,,
738060,Freddy Fazbear's Pizzeria Simulator,"Dec 4, 2017",1,,28374.0,1835,,
739630,Phasmophobia,"Sep 18, 2020",0,19.99,736611.0,32168,,
740130,Tales of Arise,"Sep 9, 2021",0,39.99,30379.0,4403,,
744900,Dead Frontier 2,"Jul 15, 2019",1,,18844.0,7957,,
747660,Five Nights at Freddy's: Security Breach,"Dec 16, 2021",0,39.99,56080.0,8779,,
750920,Shadow of the Tomb Raider: Definitive Edition,"Sep 14, 2018",0,,66684.0,12759,,
752590,A Plague Tale: Innocence,"May 14, 2019",0,39.99,58909.0,4133,,
753640,Outer Wilds,"Jun 18, 2020",0,24.99,80833.0,3655,,
755790,Ring of Elysium,"Jun 24, 2019",0,,74345.0,25492,,
760160,Vampire: The Masquerade - Bloodhunt,"Apr 27, 2022",1,,43433.0,13651,,
761890,Albion Online,"May 16, 2018",1,,65583.0,17491,,
766570,Russian Fishing 4,"Nov 10, 2021",1,,39598.0,33887,,
7670,BioShock™,"Aug 21, 2007",0,4.99,29127.0,1804,,
767560,War Robots,"Apr 4, 2018",1,,15951.0,10624,,
774171,Muse Dash,"Jun 19, 2019",0,2.99,107491.0,11938,,
774361,Blasphemous,"Sep 10, 2019",0,24.99,46393.0,5091,,
775500,SCARLET NEXUS,"Jun 24, 2021",0,59.99,13888.0,3237,,
779340,Total War: THREE KINGDOMS,"May 23, 2019",0,59.99,74951.0,28794,,
780310,The Riftbreaker,"Oct 14, 2021",0,29.99,16245.0,1760,,
782330,DOOM Eternal,"Mar 19, 2020",0,39.99,187807.0,18219,,
783770,Ironsight,"Jun 19, 2019",0,,16204.0,6206,,
787860,Farming Simulator 19,"Nov 19, 2018",0,17.99,70448.0,4172,,
788100,Neon Abyss,"Jul 14, 2020",0,19.99,19957.0,3183,,
7940,Call of Duty® 4: Modern Warfare® (2007),"Nov 12, 2007",0,19.99,23438.0,1632,,
794260,Outward Definitive Edition,"May 17, 2022",0,39.99,20738.0,7717,,
80,Counter-Strike: Condition Zero,"Mar 1, 2004",0,9.99,24271.0,2287,,
805550,Assetto Corsa Competizione,"May 29, 2019",0,39.99,36035.0,2908,,
809960,Radical Heights,"Apr 10, 2018",0,,6072.0,3727,,
812140,Assassin's Creed® Odyssey,"Oct 5, 2018",0,59.99,153091.0,19102,,
813780,Age of Empires II: Definitive Edition,"Nov 14, 2019",0,34.99,154061.0,8401,,
813820,Realm Royale Reforged,"Jun 5, 2018",0,,43223.0,13520,,
814380,Sekiro™: Shadows Die Twice - GOTY Edition,"Mar 21, 2019",0,59.99,307041.0,15193,,
815370,Green Hell,"Sep 5, 2019",0,24.99,69304.0,11300,,
816020,JUMP FORCE,"Feb 14, 2019",0,,16682.0,6019,,
8190,Just Cause 2,"Mar 23, 2010",0,14.99,46001.0,4738,,
823130,Totally Accurate Battlegrounds,"Jun 5, 2018",1,,76919.0,10093,,
823500,BONEWORKS,"Dec 10, 2019",0,29.99,32917.0,2762,,
834910,ATLAS,"Dec 22, 2018",0,29.99,20142.0,22392,,
837470,Untitled Goose Game,"Sep 23, 2020",0,19.99,21184.0,920,,
838350,The Scroll Of Taiwu,"Sep 20, 2018",0,16.99,42350.0,18287,,
841370,NBA 2K19,"Sep 10, 2018",0,,8866.0,13826,,
843380,Super Animal Royale,"Aug 26, 2021",1,,39667.0,2700,,
844870,KurtzPel,"Apr 30, 2019",1,,20936.0,13480,,
845070,The Awesome Adventures of Captain Spirit,"Jun 25, 2018",1,,13218.0,1036,,
848450,Subnautica: Below Zero,"May 13, 2021",0,29.99,87607.0,9053,,
8500,EVE Online,"Dec 15, 2010",1,,26813.0,9575,,
851850,DRAGON BALL Z: KAKAROT,"Jan 16, 2020",0,19.99,50976.0,3704,,
858820,Tribes of Midgard,"Jul 27, 2021",0,4.99,17197.0,5278,,
863550,HITMAN™ 2,"Nov 13, 2018",0,,68165.0,6778,,
868270,The Cycle: Frontier,"Jun 8, 2022",0,,28893.0,16529,,
870780,Control Ultimate Edition,"Aug 27, 2020",0,39.99,44045.0,6403,,
871720,Ultimate Custom Night,"Jun 27, 2018",1,,55394.0,2879,,
872790,Football Manager 2019,"Nov 2, 2018",0,,10827.0,1653,,
880940,Pummel Party,"Sep 20, 2018",0,14.99,47800.0,6014,,
881020,Granblue Fantasy: Relink,"Jan 31, 2024",0,59.99,43116.0,4883,,
881100,Noita,"Oct 15, 2020",0,19.99,74759.0,3718,,
883710,Resident Evil 2,"Jan 24, 2019",0,39.99,167647.0,5210,,
884660,CRSED: Cuisine Royale,"Jun 15, 2018",1,,30411.0,8179,,
8850,BioShock® 2,"Feb 9, 2010",0,2.99,12864.0,1555,,
8870,BioShock Infinite,"Mar 25, 2013",0,7.49,131970.0,8712,,
892970,Valheim,"Feb 2, 2021",0,9.99,471451.0,28377,,
8930,Sid Meier's Civilization® V,"Sep 21, 2010",0,29.99,195724.0,8541,,
893520,Creative Destruction,"Aug 2, 2018",0,,14571.0,3940,,
8980,Borderlands Game of the Year,"Aug 31, 2023",0,29.99,28944.0,3579,,
899440,GOD EATER 3,"Feb 7, 2019",0,59.99,7450.0,1921,,
899770,Last Epoch,"Feb 21, 2024",0,34.99,88027.0,22596,,
900883,The Elder Scrolls IV: Oblivion® Game of the Year Edition Deluxe (2009),"Jun 16, 2009",0,19.99,48307.0,2354,,
9010,Return to Castle Wolfenstein,"Aug 3, 2007",0,4.99,7832.0,585,,
901583,Grand Theft Auto IV: Complete Edition,,0,,144570.0,30702,,
905370,Conqueror's Blade,"May 30, 2019",0,,22576.0,7558,,
918570,Century: Age of Ashes,"Dec 2, 2021",1,,13226.0,4514,,
920210,LEGO® Star Wars™: The Skywalker Saga,"Apr 5, 2022",0,49.99,40865.0,4173,,
921630,音灵 INVAXION,"Dec 19, 2018",0,,3303.0,2911,,
924970,Back 4 Blood,"Oct 12, 2021",0,59.99,46833.0,21608,,
933110,Age of Empires III: Definitive Edition,"Oct 15, 2020",1,,40941.0,7401,,
9340,Company of Heroes: Opposing Fronts,"Sep 24, 2007",0,19.99,1045.0,93,,
939960,Far Cry® New Dawn,"Feb 15, 2019",0,39.99,24362.0,7819,,
942970,Unheard - Voices of Crime,"Mar 28, 2019",0,6.99,30125.0,1184,,
945360,Among Us,"Nov 16, 2018",0,4.99,643681.0,57104,,
9480,Saints Row 2,"Jan 7, 2009",0,9.99,15420.0,5046,,
949230,Cities: Skylines II,"Oct 24, 2023",0,49.99,38697.0,34827,,
952060,Resident Evil 3,"Apr 2, 2020",0,39.99,74536.0,16699,,
955050,Bright Memory,"Mar 25, 2020",0,3.19,29613.0,3115,,
96000,The Tiny Bang Story,"Apr 22, 2011",0,4.99,5630.0,821,,
960090,Bloons TD 6,"Dec 17, 2018",0,13.99,344269.0,9691,,
96100,Defy Gravity Extended,"Mar 18, 2016",0,1.99,7365.0,1187,,
961200,Predecessor,"Aug 20, 2024",1,,10260.0,3776,,
962130,Grounded,"Sep 27, 2022",0,39.99,75482.0,9035,,
967050,Pacify,"Feb 22, 2019",0,4.99,36071.0,5620,,
972660,Spiritfarer®: Farewell Edition,"Aug 18, 2020",0,29.99,44192.0,2225,,
975370,Dwarf Fortress,"Dec 6, 2022",0,23.99,27134.0,1445,,
976310,Mortal Kombat 11,"Apr 23, 2019",0,49.99,93635.0,12646,,
976730,Halo: The Master Chief Collection,"Dec 3, 2019",0,39.99,223635.0,18432,,
977950,A Dance of Fire and Ice,"Jan 24, 2019",0,5.99,69052.0,4419,,
979690,The Ascent,"Jul 29, 2021",0,7.49,16932.0,5952,,
9900,Star Trek Online,"Jan 31, 2012",1,,15939.0,4206,,
990080,Hogwarts Legacy,"Feb 10, 2023",0,59.99,289966.0,31429,,
993090,Lossless Scaling,"Dec 28, 2018",0,6.99,22235.0,2653,,
996580,Spyro™ Reignited Trilogy,"Sep 3, 2019",0,39.99,19266.0,1240,,
99900,Spiral Knights,"Jun 14, 2011",1,,19869.0,3789,,
